City_ID,City,Lat,Lng,Max Temp,Humidity,Cloudiness,Wind Speed,Country,Date
0,antofagasta,-23.65,-70.4,16.6,85,32,3.1,CL,1684711142
1,hassi messaoud,31.6804,6.0729,21.92,28,0,3.09,DZ,1684711319
2,port-aux-francais,-49.35,70.2167,6.7,90,93,12.91,TF,1684711255
3,san patricio,28.017,-97.5169,27.97,66,45,5.18,US,1684711320
4,fale old settlement,-9.3852,-171.2468,28.55,78,98,4.25,TK,1684711320
5,chinampa de gorostiza,21.3667,-97.7333,27.69,65,83,4.7,MX,1684711320
6,bethel,41.3712,-73.414,20.47,66,0,3.09,US,1684711320
7,iskateley,67.6803,53.1512,9.9,79,57,2.81,RU,1684711321
8,utrik,11.2278,169.8474,27.87,82,71,6.75,MH,1684711321
9,yellowknife,62.456,-114.3525,21.29,32,75,5.14,CA,1684711321
10,axim,4.8699,-2.2405,25.52,85,100,1.16,GH,1684711322
11,young,-32.6833,-57.6333,16.05,97,95,2.75,UY,1684711322
12,hithadhoo,-0.6,73.0833,28.05,73,3,0.42,MV,1684711322
13,adamstown,-25.066,-130.1015,24.34,81,98,7.88,PN,1684711322
14,georgetown,5.4112,100.3354,26.97,80,40,1.54,MY,1684711087
15,puerto natales,-51.7236,-72.4875,0.51,90,44,2.2,CL,1684711323
16,longyearbyen,78.2186,15.6401,2.91,81,75,7.2,SJ,1684711264
17,fort irwin,35.2627,-116.6848,32.9,22,40,9.26,US,1684711323
18,harstad,68.799,16.5293,7.11,88,46,4.92,NO,1684711323
19,susuman,62.7833,148.1667,2.78,66,87,3.71,RU,1684711323
20,mugia,43.1041,-9.2179,16.76,87,20,9.58,ES,1684711324
21,blackmans bay,-43.0167,147.3167,13.74,67,79,3.95,AU,1684711324
22,constantia,44.1833,28.65,14.38,83,90,6.64,RO,1684711324
23,stary krym,45.0333,35.1,12.8,94,100,3.37,UA,1684711324
24,vorgashor,67.5833,63.95,1.65,96,88,2.91,RU,1684711325
25,ust-nera,64.5667,143.2,3.45,79,100,1.82,RU,1684711325
26,nagqu,31.5,92.0,-5.08,93,100,1.12,CN,1684711325
27,cabo san lucas,22.8909,-109.9124,33.61,31,0,5.66,MX,1684711201
28,villa regina,-39.1,-67.0667,13.99,39,71,3.36,AR,1684711326
29,impfondo,1.6381,18.0667,22.21,95,99,0.41,CG,1684711326
30,as sulayyil,20.4607,45.5779,29.14,29,13,3.74,SA,1684711326
31,sinabang,2.4803,96.3801,26.88,80,100,2.5,ID,1684711326
32,avarua,-21.2078,-159.775,27.03,78,40,6.17,CK,1684711326
33,ballina,-28.8667,153.5667,17.1,63,25,4.75,AU,1684711327
34,nova sintra,14.8667,-24.7167,20.2,79,100,7.78,CV,1684711254
35,port mathurin,-19.6833,63.4167,24.65,73,1,1.98,MU,1684711276
36,atafu village,-8.5421,-172.5159,28.64,76,38,4.38,TK,1684711327
37,morehead city,34.7229,-76.726,21.12,80,75,2.57,US,1684711327
38,hamilton,39.1834,-84.5333,25.14,40,0,3.09,US,1684710864
39,chulym,55.0997,80.9572,10.28,63,57,2.65,RU,1684711328
40,sitka,57.0531,-135.33,12.94,54,40,7.2,US,1684711328
41,acarau,-2.8856,-40.12,26.06,87,78,4.47,BR,1684711328
42,waitangi,-43.9535,-176.5597,13.23,77,60,4.92,NZ,1684711328
43,stanley,54.868,-1.6985,7.66,89,0,0.0,GB,1684711329
44,edinburgh of the seven seas,-37.0676,-12.3116,15.81,85,82,8.75,SH,1684711329
45,tadine,-21.55,167.8833,23.17,71,100,3.52,NC,1684711329
46,papatowai,-46.5619,169.4708,9.58,62,95,2.35,NZ,1684711329
47,ushuaia,-54.8,-68.3,3.81,70,40,6.69,AR,1684711329
48,iklehra,23.15,76.3833,30.54,27,2,4.57,IN,1684711330
49,kudahuvadhoo,2.6708,72.8944,28.06,75,94,3.34,MV,1684711330
50,bredasdorp,-34.5322,20.0403,10.7,68,100,1.53,ZA,1684711330
51,awjilah,29.1081,21.2869,21.25,44,0,3.49,LY,1684711330
52,aripuana,-9.1667,-60.6333,27.78,64,99,0.45,BR,1684711330
53,alice springs,-23.7,133.8833,8.75,81,0,0.0,AU,1684711179
54,katsuura,35.1333,140.3,21.7,86,85,0.73,JP,1684711331
55,daru,-9.0763,143.2092,25.59,83,100,8.38,PG,1684711331
56,ribeira grande,38.5167,-28.7,17.1,82,100,3.13,PT,1684711331
57,tefe,-3.3542,-64.7114,27.06,94,20,1.54,BR,1684711332
58,codrington,-38.2667,141.9667,9.22,86,100,3.6,AU,1684711283
59,ancud,-41.8697,-73.8203,7.23,89,99,2.85,CL,1684711332
60,jamaame,0.0697,42.745,25.33,88,88,3.2,SO,1684711332
61,sao felix do xingu,-6.6447,-51.995,23.86,87,54,1.21,BR,1684711332
62,wailua homesteads,22.0669,-159.378,27.24,76,75,5.14,US,1684711333
63,geraldton,-28.7667,114.6,13.23,50,2,8.23,AU,1684711160
64,bilibino,68.0546,166.4372,7.22,57,66,7.6,RU,1684711333
65,nemuro,43.3236,145.575,8.44,94,66,3.62,JP,1684711299
66,mount gambier,-37.8333,140.7667,10.02,82,100,1.92,AU,1684711333
67,soio,-6.1349,12.3689,24.36,87,26,2.93,AO,1684711333
68,brisas de zicatela,15.8369,-97.0419,32.29,62,20,1.54,MX,1684711334
69,margaret river,-33.95,115.0667,15.23,61,98,4.17,AU,1684711268
70,san antonio de pale,-1.4014,5.6325,26.47,71,92,4.68,GQ,1684711334
71,iqaluit,63.7506,-68.5145,-7.15,67,75,8.23,CA,1684711334
72,mata-utu,-13.2816,-176.1745,28.61,77,63,5.87,WF,1684711334
73,kailua-kona,19.6406,-155.9956,29.17,79,75,5.14,US,1684711335
74,tenosique,17.4833,-91.4333,26.2,82,84,1.04,MX,1684711335
75,puerto ayora,-0.7393,-90.3518,25.86,89,53,3.58,EC,1684711254
76,tamiahua,21.2667,-97.45,28.24,60,47,4.62,MX,1684711335
77,udine,46.0619,13.2422,21.2,76,8,3.36,IT,1684711336
78,tsiombe,-25.3,45.4833,17.64,91,0,2.46,MG,1684711336
79,uturoa,-16.7333,-151.4333,27.4,73,14,1.26,PF,1684711336
80,anaconda,46.1285,-112.9423,21.55,41,79,1.45,US,1684711336
81,isafjordur,66.0755,-23.124,3.32,74,60,5.8,IS,1684711258
82,northam,51.0333,-4.2167,13.14,79,99,1.65,GB,1684711337
83,nuuk,64.1835,-51.7216,3.34,44,75,5.66,GL,1684711337
84,road town,18.4167,-64.6167,28.02,74,40,4.12,VG,1684711100
85,tiksi,71.6872,128.8694,-9.63,87,33,1.96,RU,1684711337
86,mukalla,14.5425,49.1242,29.51,74,37,3.66,YE,1684711338
87,tateyama,34.9833,139.8667,21.7,85,58,2.0,JP,1684711338
88,udachny,66.4167,112.4,-2.08,81,72,2.48,RU,1684711338
89,olonkinbyen,70.9221,-8.7187,1.6,97,100,7.82,SJ,1684711338
90,cromer,52.9312,1.2989,12.0,86,37,7.68,GB,1684711339
91,lorengau,-2.0226,147.2712,28.11,77,93,3.26,PG,1684711339
92,howard springs,-12.497,131.047,19.95,38,1,4.49,AU,1684711300
93,thompson,55.7435,-97.8558,15.09,29,40,3.09,CA,1684711257
94,east london,-33.0153,27.9116,15.07,70,87,6.75,ZA,1684711303
95,nguigmi,14.2495,13.1092,30.94,45,37,5.16,NE,1684711340
96,tura,25.5198,90.2201,19.5,90,10,1.06,IN,1684711288
97,hermanus,-34.4187,19.2345,12.26,70,100,4.33,ZA,1684711263
98,borogontsy,62.6683,131.1683,-0.34,66,66,3.45,RU,1684711340
99,margate,51.3813,1.3862,12.17,80,10,3.58,GB,1684711340
100,eyl,7.9803,49.8164,27.84,82,84,4.29,SO,1684711327
101,enewetak,11.3474,162.3373,27.75,78,75,5.34,MH,1684711341
102,hasaki,35.7333,140.8333,25.16,88,94,3.07,JP,1684711200
103,lauro de freitas,-12.8944,-38.3272,28.01,61,75,6.69,BR,1684711321
104,sretensk,52.2453,117.7093,15.14,37,17,0.54,RU,1684711341
105,alaghsas,17.0187,8.0168,32.44,14,3,3.51,NE,1684711342
106,revda,56.801,59.9303,10.23,54,75,0.68,RU,1684711342
107,ilulissat,69.2167,-51.1,-1.99,74,100,3.6,GL,1684711342
108,college,64.8569,-147.8028,22.27,36,40,3.09,US,1684711292
109,aden,12.7794,45.0367,30.29,79,53,4.69,YE,1684711342
110,albany,42.6001,-73.9662,22.02,55,23,2.09,US,1684710990
111,anadyr,64.75,177.4833,3.28,93,100,3.0,RU,1684711343
112,fang,19.9169,99.2145,23.83,63,57,0.87,TH,1684711343
113,amursk,50.2261,136.8994,9.5,79,100,4.61,RU,1684711343
114,crane,31.3974,-102.3501,27.17,38,48,4.62,US,1684711343
115,bembereke,10.2283,2.6634,25.47,78,71,2.44,BJ,1684711343
116,vila velha,-20.3297,-40.2925,22.19,80,40,0.0,BR,1684711344
117,yerofey pavlovich,53.9667,121.9667,13.49,49,53,0.46,RU,1684711344
118,itaperucu,-25.22,-49.3478,15.67,98,100,1.0,BR,1684711345
119,hirara,24.8,125.2833,27.15,94,75,6.69,JP,1684711345
120,bayganin,48.6947,55.8742,14.36,55,75,4.92,KZ,1684711345
121,tutoia,-2.7619,-42.2744,25.87,87,72,2.95,BR,1684711346
122,moroto,2.5345,34.6666,20.46,66,57,1.23,UG,1684711346
123,rockland,41.1668,-74.0496,20.9,64,23,1.49,US,1684711322
124,varginha,-21.5514,-45.4303,14.63,60,68,1.31,BR,1684711346
125,santa ana,33.7456,-117.8678,31.34,71,75,5.66,US,1684711346
126,marsh harbour,26.5412,-77.0636,26.24,69,23,4.65,BS,1684711347
127,kalmunai,7.4167,81.8167,26.05,86,100,3.69,LK,1684711347
128,christchurch,-43.5333,172.6333,12.73,88,20,1.79,NZ,1684711174
129,grytviken,-54.2811,-36.5092,0.04,59,92,2.31,GS,1684711252
130,lerwick,60.1545,-1.1494,6.0,79,45,1.9,GB,1684711347
131,kourou,5.1552,-52.6478,25.03,92,100,4.1,GF,1684711232
132,winneba,5.3511,-0.6231,25.6,88,98,2.84,GH,1684711348
133,zemio,5.0314,25.1361,20.9,96,61,1.2,CF,1684711348
134,malanje,-9.5402,16.341,18.8,77,26,0.6,AO,1684711348
135,howrah,22.5892,88.3103,26.0,83,40,3.6,IN,1684711349
136,san mariano,7.5,126.0,24.97,89,99,0.27,PH,1684711349
137,west island,-12.1568,96.8225,24.99,88,14,1.54,CC,1684711266
138,ratnagiri,16.9833,73.3,26.97,85,4,2.86,IN,1684711349
139,matoury,4.8483,-52.3317,24.98,94,75,1.54,GF,1684711349
140,belmonte,-15.8631,-38.8828,22.96,81,7,4.33,BR,1684711321
141,malabar,-33.9667,151.25,13.84,64,0,3.6,AU,1684711350
142,puerto carreno,6.189,-67.4859,28.02,76,100,1.59,CO,1684711350
143,fort mcmurray,56.7268,-111.381,24.77,41,100,3.6,CA,1684711335
144,puerto baquerizo moreno,-0.9,-89.6,25.15,78,80,4.81,EC,1684711322
145,gumrak,48.7826,44.3824,16.95,48,0,4.02,RU,1684711351
146,yzeure,46.5644,3.355,13.97,99,100,1.61,FR,1684711351
147,poshekhon'ye,58.4993,39.1353,10.63,97,100,2.47,RU,1684711071
148,badger,64.8,-147.5333,22.22,36,0,3.09,US,1684711351
149,lihue,21.9789,-159.3672,27.58,77,75,5.14,US,1684711351
150,vol'sk,52.0333,47.3833,13.35,61,98,3.27,RU,1684711352
151,bela vista,-22.1089,-56.5211,22.25,67,95,1.79,BR,1684711352
152,al mijlad,11.0333,27.7333,32.49,10,3,6.34,SD,1684711352
153,toliara,-23.35,43.6667,20.33,74,0,1.24,MG,1684711352
154,kingston,17.997,-76.7936,28.45,93,75,1.54,JM,1684711353
155,undurkhaan,47.3194,110.6556,10.2,41,7,1.12,MN,1684711353
156,barra,-11.0894,-43.1417,25.03,43,0,0.7,BR,1684711353
157,haiku-pauwela,20.9219,-156.3051,30.01,45,40,8.75,US,1684711353
158,chajul,15.4853,-91.0342,22.02,94,100,1.48,GT,1684711353
159,carutapera,-1.195,-46.02,25.54,89,99,3.23,BR,1684711354
160,kapuskasing,49.4169,-82.4331,9.05,40,20,3.6,CA,1684711354
161,invercargill,-46.4,168.35,9.17,77,100,2.89,NZ,1684711261
162,tosontsengel,48.7567,98.2839,7.64,38,100,0.8,MN,1684711354
163,mikuni,36.2171,136.1519,19.95,81,100,1.17,JP,1684711355
164,wainwright,52.839,-110.8572,26.19,34,90,6.38,CA,1684711355
165,cooper's town,26.8667,-77.5167,26.0,73,23,4.41,BS,1684711355
166,hadibu,12.65,54.0333,29.2,69,65,2.79,YE,1684711299
167,nogliki,51.8333,143.1667,1.96,91,100,5.22,RU,1684711268
168,new norfolk,-42.7826,147.0587,14.4,64,99,1.79,AU,1684711355
169,novohrad-volynskyi,50.5941,27.6165,9.49,72,33,1.81,UA,1684711356
170,bushehr,28.9684,50.8385,29.05,61,0,4.12,IR,1684711356
171,chonchi,-42.6128,-73.8092,6.73,92,100,0.25,CL,1684711356
172,tazacorte,28.629,-17.9293,18.54,77,0,2.57,ES,1684711356
173,uliastay,47.7417,96.8444,8.47,37,100,3.26,MN,1684711357
174,dien bien phu,21.3833,103.0167,22.65,79,1,0.74,VN,1684711357
175,post,33.1909,-101.3782,26.15,40,65,4.88,US,1684711357
176,sao joao da barra,-21.6403,-41.0511,19.05,78,68,4.72,BR,1684711357
177,usogorsk,63.4106,48.6872,11.48,52,76,0.36,RU,1684711357
178,umba,66.6871,34.3429,9.33,72,95,0.46,RU,1684711358
179,menongue,-14.6585,17.691,17.43,72,87,1.17,AO,1684711358
180,kolonia town,6.964,158.206,30.0,79,100,1.54,FM,1684711358
181,gadzhiyevo,69.2551,33.3362,7.91,89,100,6.09,RU,1684711358
182,yambio,4.5721,28.3955,20.04,91,13,2.36,SS,1684711359
183,ondjiva,-17.0667,15.7333,19.02,39,9,0.51,AO,1684711359
184,ta'izz,13.5,44.0,21.42,58,19,0.92,YE,1684711359
185,yinchuan,38.4681,106.2731,11.9,34,17,2.71,CN,1684711359
186,touros,-5.1989,-35.4608,26.38,83,4,5.2,BR,1684711067
187,yaren,-0.5472,166.916,28.28,74,75,1.8,NR,1684711360
188,saipan,15.1355,145.701,30.39,100,20,6.69,MP,1684711360
189,kayangel,8.0823,134.7173,28.45,74,81,2.08,PW,1684711360
190,mil'kovo,55.6078,37.7956,9.22,85,93,0.61,RU,1684711360
191,ilabaya,-17.4208,-70.5133,19.18,57,0,0.35,PE,1684711361
192,taupo,-38.6833,176.0833,11.59,89,100,2.77,NZ,1684711361
193,champerico,14.3,-91.9167,32.3,64,99,2.78,GT,1684711361
194,taltal,-25.4,-70.4833,17.96,76,93,1.51,CL,1684711361
195,masterton,-40.9597,175.6575,14.38,70,95,2.56,NZ,1684711361
196,golden valley,45.0097,-93.3491,26.79,29,0,3.09,US,1684711362
197,gero,-8.7039,121.1881,21.73,92,88,1.43,ID,1684711362
198,surab,28.4914,66.2585,22.05,39,69,2.72,PK,1684711362
199,seminole,28.7086,-81.2081,28.39,79,0,4.12,US,1684711291
200,natal,-5.795,-35.2094,26.36,94,20,2.57,BR,1684711363
201,kismayo,-0.3582,42.5454,26.37,84,99,5.51,SO,1684711363
202,bereket,39.2446,55.5154,24.38,44,97,4.0,TM,1684711363
203,tamanrasset,22.785,5.5228,22.95,27,0,2.57,DZ,1684711363
204,jiuquan,39.7432,98.5174,11.87,48,0,2.07,CN,1684711363
205,huoqiu chengguanzhen,32.3547,116.2939,13.76,82,100,4.41,CN,1684711364
206,vorkuta,67.5,64.0,2.23,95,85,3.12,RU,1684711364
207,fort st. john,56.2499,-120.8529,23.94,31,75,4.12,CA,1684711280
208,fredericksburg,38.3032,-77.4605,25.97,49,0,2.57,US,1684711353
209,alofi,-19.0595,-169.9187,26.94,74,100,5.14,NU,1684711364
210,san pedro pochutla,15.7333,-96.4667,30.73,61,94,3.16,MX,1684711365
211,afaahiti,-17.75,-149.2833,29.93,74,1,2.14,PF,1684711365
212,chagoda,59.164,35.3285,9.36,98,80,2.06,RU,1684711365
213,sorokino,53.75,84.9167,8.17,69,6,1.92,RU,1684711365
214,qaqortoq,60.7167,-46.0333,2.12,65,100,4.27,GL,1684711365
215,santa cruz,-17.8,-63.1667,25.03,83,20,6.17,BO,1684711170
216,fada,9.5667,8.3,21.58,91,100,1.75,NG,1684711366
217,hawaiian paradise park,19.5933,-154.9731,27.07,78,100,4.12,US,1684711366
218,smithers,54.7804,-127.1743,17.18,51,100,8.23,CA,1684711366
219,letterkenny,54.95,-7.7333,5.9,92,88,1.25,IE,1684711366
220,quellon,-43.1167,-73.6167,7.14,87,100,4.63,CL,1684711367
221,dili,-8.5586,125.5736,25.26,67,5,1.93,TL,1684711338
222,kokopo,-4.352,152.2633,24.5,91,100,0.86,PG,1684711367
223,whitehorse,60.7161,-135.0538,17.28,33,75,3.09,CA,1684711208
224,salina,38.8403,-97.6114,26.08,32,0,4.63,US,1684711068
225,klyuchi,52.2667,79.1667,11.52,49,20,2.73,RU,1684711368
226,pelabuhan klang,3.0,101.4,25.51,89,69,1.39,MY,1684711368
227,broome,42.2506,-75.833,20.92,50,0,4.63,US,1684711368
228,carnarvon,-24.8667,113.6333,18.25,37,60,6.03,AU,1684711368
229,datong,40.0936,113.2914,10.11,49,0,5.23,CN,1684711369
230,talnakh,69.4865,88.3972,0.67,99,100,2.73,RU,1684711369
231,vilyuchinsk,52.9306,158.4028,4.15,98,100,1.94,RU,1684711369
232,labrador city,52.9463,-66.9114,0.95,60,100,6.17,CA,1684711369
233,gamay,12.3854,125.2979,27.58,81,35,1.5,PH,1684711370
234,dudinka,69.4058,86.1778,0.9,99,100,5.49,RU,1684711370
235,ornskoldsvik,63.2909,18.7153,5.53,100,6,1.03,SE,1684711370
236,whitburn,54.9533,-1.3686,8.97,87,5,0.92,GB,1684711370
237,pisco,-13.7,-76.2167,22.03,68,0,6.17,PE,1684711114
238,saudarkrokur,65.7461,-19.6394,3.67,67,99,7.91,IS,1684711371
239,faya-largeau,17.9257,19.1043,35.05,14,8,3.47,TD,1684711371
240,mili,6.0815,171.735,28.74,81,99,7.31,MH,1684711371
241,khash,28.2211,61.2158,24.51,32,96,2.59,IR,1684711371
242,hungnam,39.8317,127.6186,15.55,57,100,0.95,KP,1684711371
243,remire-montjoly,4.9167,-52.2667,25.02,94,75,1.54,GF,1684711307
244,garissa,-0.4536,39.6401,24.8,86,36,6.35,KE,1684711372
245,mampong,7.0627,-1.4001,21.7,99,99,1.13,GH,1684711372
246,ngetkib,7.3645,134.5148,28.64,73,64,2.99,PW,1684711372
247,barah,13.7,30.3667,26.75,8,1,3.86,SD,1684711373
248,alzamay,55.5562,98.6644,9.76,53,55,1.16,RU,1684711373
249,pangody,65.85,74.4859,1.01,85,20,2.78,RU,1684711373
250,santarem,-2.4431,-54.7083,27.07,89,0,2.06,BR,1684711373
251,dedougou,12.4667,-3.4667,31.95,40,100,2.63,BF,1684711373
252,san martin,-33.081,-68.4681,15.3,45,7,3.42,AR,1684711374
253,fort riley north,39.1108,-96.8139,24.83,44,0,3.6,US,1684711374
254,xiangcheng chengguanzhen,33.847,113.4778,13.86,70,96,3.69,CN,1684711374
255,fort bragg,35.139,-79.006,23.08,70,0,2.06,US,1684711374
256,pryluky,50.5932,32.3876,9.07,85,12,3.79,UA,1684711375
257,laguna,38.421,-121.4238,33.38,35,0,2.06,US,1684711375
258,kaedi,16.1465,-13.5047,33.83,11,100,4.6,MR,1684711375
259,aasiaat,68.7098,-52.8699,-3.54,77,92,3.02,GL,1684711375
260,danshui,22.7984,114.4672,27.43,86,10,0.65,CN,1684711375
261,labuan,5.2767,115.2417,27.2,89,20,0.0,MY,1684711376
262,baykal'sk,51.5058,104.1469,6.22,81,21,2.51,RU,1684711376
263,lata,40.1629,-8.3327,11.19,77,73,0.76,PT,1684711376
264,rongelap,11.1635,166.8941,27.87,82,85,6.09,MH,1684711376
265,al-hamdaniya,36.2715,43.3737,23.16,47,49,2.03,IQ,1684711376
266,nova vicosa,-17.8919,-39.3719,23.01,69,40,4.62,BR,1684711262
267,tarko-sale,64.9225,77.785,1.44,74,15,2.05,RU,1684711377
268,yurimaguas,-5.9,-76.0833,28.16,71,78,0.2,PE,1684711377
269,rogers park,61.1981,-149.8492,14.75,50,0,4.12,US,1684711377
270,harrisburg,40.2737,-76.8844,24.96,37,20,3.09,US,1684711188
271,nar'yan-mar,67.6713,53.087,10.03,79,58,2.84,RU,1684711289
272,cleveland,41.4995,-81.6954,22.44,40,40,2.57,US,1684711298
273,happy valley-goose bay,53.3168,-60.3315,2.17,93,100,6.17,CA,1684711378
274,xacmaz,41.4635,48.806,14.91,76,6,0.92,AZ,1684711378
275,argo,37.6333,22.7333,15.99,87,87,1.17,GR,1684711378
276,nadym,65.5333,72.5167,4.15,75,9,2.61,RU,1684711379
277,westport,41.1415,-73.3579,21.08,62,0,5.14,US,1684711379
278,grand falls-windsor,48.9332,-55.6649,14.17,82,100,4.47,CA,1684711276
279,jamestown,42.097,-79.2353,17.8,55,0,2.57,US,1684711379
280,thinadhoo,0.5333,72.9333,28.25,73,1,1.33,MV,1684711281
281,aleksandrovsk-sakhalinskiy,50.8975,142.1561,6.9,70,100,4.26,RU,1684711380
282,mejit,10.2753,170.8646,27.91,82,81,7.11,MH,1684711380
283,petropavlovsk-kamchatsky,53.0452,158.6483,3.33,93,100,4.0,RU,1684711380
284,tazovsky,67.4667,78.7,1.22,89,70,5.11,RU,1684711380
285,nahrin,36.0649,69.1334,21.7,29,98,1.34,AF,1684711381
286,trairi,-3.2778,-39.2689,26.4,84,75,3.67,BR,1684711342
287,pacific grove,36.6177,-121.9166,22.03,83,75,4.63,US,1684711214
288,santa ana de yacuma,-13.75,-65.4333,25.97,83,75,0.0,BO,1684711381
289,pyin oo lwin,22.0333,96.4667,19.7,50,0,0.62,MM,1684711381
290,palopo,-2.9996,120.1921,25.27,87,100,0.94,ID,1684711382
291,nuku'alofa,-21.1333,-175.2,26.19,73,40,4.12,TO,1684711382
292,kunming,25.0389,102.7183,16.96,55,0,4.0,CN,1684711382
293,leava,-14.3,-178.1667,28.51,79,98,5.82,WF,1684711382
294,egilsstadir,65.2653,-14.3948,6.95,70,40,6.17,IS,1684711383
295,punta arenas,-53.15,-70.9167,1.06,86,20,2.57,CL,1684711383
296,homer,59.6425,-151.5483,12.67,49,0,5.36,US,1684711383
297,williamsburg,37.2707,-76.7075,23.03,64,0,1.54,US,1684711384
298,ostrov,57.3439,28.3537,5.85,67,47,1.01,RU,1684711384
299,chernyshevskiy,63.0128,112.4714,1.44,55,6,1.95,RU,1684711384
300,orchomenos,38.4929,22.9796,16.06,82,88,1.71,GR,1684711385
301,weno,7.4515,151.8468,28.97,84,100,4.63,FM,1684711385
302,mar'yinka,47.9453,37.5054,14.37,84,100,3.07,UA,1684711385
303,paramonga,-10.6667,-77.8333,21.79,80,36,5.26,PE,1684711386
304,selfoss,63.9331,-20.9971,1.69,61,88,9.63,IS,1684711275
305,opuwo,-18.0607,13.84,17.0,40,0,1.32,NA,1684711386
306,zeribet el oued,34.6828,6.5111,23.69,29,31,1.92,DZ,1684711387
307,nobres,-14.7203,-56.3275,24.65,58,7,1.25,BR,1684711387
308,butembo,0.15,29.2833,15.13,95,81,1.49,CD,1684711387
309,buka,40.8108,69.1986,19.96,31,1,1.92,UZ,1684711387
310,poso,-1.3959,120.7524,25.65,85,98,1.76,ID,1684711388
311,dolores,-36.3132,-57.6792,15.45,95,100,3.54,AR,1684711388
312,kapa'a,22.0752,-159.319,27.99,76,75,5.14,US,1684711388
313,dadukou,26.5479,101.7054,21.43,49,0,0.45,CN,1684711388
314,freetown,8.484,-13.2299,26.84,83,75,4.12,SL,1684711389
315,uvalde,29.3669,-99.767,23.4,84,100,0.0,US,1684711389
316,makokou,0.5738,12.8642,21.84,98,95,1.15,GA,1684711389
317,praia da vitoria,38.7333,-27.0667,17.14,82,40,4.52,PT,1684711389
318,kodiak,57.79,-152.4072,6.73,93,100,5.66,US,1684711389
319,siwa oasis,29.2041,25.5195,24.74,34,0,6.15,EG,1684711390
320,kabala,9.5833,-11.55,23.76,88,61,1.23,SL,1684711390
321,marivan,35.5219,46.176,15.89,64,76,1.3,IR,1684711390
322,castillos,-34.1667,-53.8333,17.31,92,100,3.16,UY,1684711390
323,beihai,21.4833,109.1,27.53,91,2,1.76,CN,1684711391
324,tolanaro,-25.0319,46.9987,20.04,83,20,2.06,MG,1684711391
325,zouerate,22.7187,-12.4521,23.77,20,25,5.05,MR,1684711391
326,bulawayo,-20.15,28.5833,15.78,40,68,1.92,ZW,1684711391
327,xam nua,20.4197,104.0439,21.59,78,1,1.47,LA,1684711391
328,novaya ladoga,60.1025,32.3019,10.95,77,96,2.35,RU,1684711392
329,greymouth,-42.4667,171.2,10.63,79,100,2.67,NZ,1684711392
330,puerto armuelles,8.2833,-82.8667,24.99,87,92,3.33,PA,1684711392
331,clarksville,36.5298,-87.3595,24.1,53,0,4.63,US,1684711392
332,talcahuano,-36.7167,-73.1167,12.82,100,100,3.6,CL,1684711393
333,maputo,-25.9653,32.5892,20.68,89,0,3.58,MZ,1684711393
334,wellington,-41.2866,174.7756,15.81,84,75,5.66,NZ,1684711131
335,qalat,32.1058,66.9083,24.22,20,100,1.34,AF,1684711393
336,tofol,5.3248,163.0078,29.88,79,75,1.54,FM,1684711394
337,puerto deseado,-47.7503,-65.8938,9.37,65,47,10.63,AR,1684711394
338,parkersburg,39.2667,-81.5615,23.63,39,0,2.06,US,1684711394
339,beeskow,52.1667,14.25,17.98,58,44,3.71,DE,1684711394
340,wamba,8.9333,8.6,24.25,86,97,1.35,NG,1684711394
341,aykhal,66.0,111.5,-3.1,82,88,2.05,RU,1684711395
342,lompoc,34.6391,-120.4579,23.34,83,100,4.63,US,1684711395
343,taro,-8.3862,115.28,21.03,94,61,0.87,ID,1684711395
344,sosnovo-ozerskoye,52.5249,111.5418,7.63,47,3,2.52,RU,1684711396
345,kuanda,56.3161,116.0806,11.94,54,48,1.51,RU,1684711396
346,bondo,3.8146,23.6866,21.5,95,93,0.88,CD,1684711396
347,port elizabeth,-33.918,25.5701,12.28,91,40,3.09,ZA,1684711396
348,ulladulla,-35.35,150.4667,11.24,54,0,1.31,AU,1684711397
349,flying fish cove,-10.4217,105.6791,25.82,83,75,5.14,CX,1684711397
350,niamey,13.5137,2.1098,33.16,43,0,4.63,NE,1684711397
351,amga,60.8953,131.9608,1.7,52,69,4.44,RU,1684711398
352,kachug,53.9606,105.8817,11.23,52,9,0.84,RU,1684711398
353,lebu,-37.6167,-73.65,11.43,88,9,3.89,CL,1684711398
354,la'ie,21.6477,-157.9253,29.98,72,79,5.91,US,1684711398
355,lospalos,-8.5186,127.0025,21.83,74,46,3.59,TL,1684711399
356,slatina,44.4333,24.3667,15.81,84,79,2.46,RO,1684711399
357,seme,15.1942,-12.9448,33.88,10,98,2.41,SN,1684711399
358,san luis de la loma,17.2706,-100.8939,31.17,62,84,2.96,MX,1684711400
359,i-n-salah,27.1935,2.4607,27.27,12,0,4.46,DZ,1684711400
360,luganville,-15.5333,167.1667,27.04,87,99,1.83,VU,1684711400
361,kargopol',61.5071,38.9456,12.77,65,89,1.82,RU,1684711400
362,yuzhno-kurilsk,44.0306,145.8556,9.95,91,67,1.18,RU,1684711401
363,montrose,38.4166,-108.2673,19.67,49,77,4.29,US,1684710856
364,mount isa,-20.7333,139.5,16.87,31,0,4.63,AU,1684711217
365,saint-francois,46.4154,3.9054,14.82,94,75,1.03,FR,1684711402
366,saint-joseph,-21.3667,55.6167,22.21,76,13,2.61,RE,1684711402
367,beykonak,36.3257,30.303,18.42,77,78,1.97,TR,1684711402
368,grajau,-5.8194,-46.1386,25.23,78,46,1.39,BR,1684711402
369,rio grande,-32.035,-52.0986,18.06,93,100,2.6,BR,1684711403
370,gambiran satu,-8.3939,114.1464,22.22,94,55,0.78,ID,1684711403
371,berber,18.0216,33.983,28.32,9,15,3.85,SD,1684711403
372,vila franca do campo,37.7167,-25.4333,17.23,76,56,3.87,PT,1684711403
373,sisimiut,66.9395,-53.6735,-1.06,75,50,1.84,GL,1684711404
374,sao jose da coroa grande,-8.8978,-35.1478,24.91,88,13,2.19,BR,1684711404
375,winchester,51.0651,-1.3187,13.05,78,20,3.09,GB,1684711404
376,shizunai-furukawacho,42.3339,142.3669,10.85,88,90,1.52,JP,1684711351
377,'ali al gharbi,32.4633,46.6864,28.81,16,57,2.03,IQ,1684711405
378,colonia,50.9333,6.95,18.31,89,48,0.51,DE,1684711405
379,dezhou,37.4486,116.2925,18.33,32,38,2.99,CN,1684711405
380,hafnarfjordur,64.0671,-21.9377,5.21,87,40,3.6,IS,1684711405
381,bolo,13.7899,120.9817,28.32,78,100,1.95,PH,1684711405
382,port alfred,-33.5906,26.891,11.77,92,9,1.34,ZA,1684711406
383,inirida,3.8653,-67.9239,24.87,93,99,0.87,CO,1684711406
384,conception bay south,47.4999,-52.9981,10.53,81,96,9.11,CA,1684711406
385,antsiranana,-12.2787,49.2917,22.28,90,39,2.05,MG,1684711406
386,troitsko-pechorsk,62.7084,56.1964,6.54,63,3,2.13,RU,1684711264
387,pacocha,-17.5833,-71.3333,18.34,85,12,1.59,PE,1684711407
388,pryor,36.3084,-95.3169,24.16,56,0,0.0,US,1684711407
389,gazli,40.1333,63.45,24.94,23,92,4.39,UZ,1684711407
390,hargeysa,9.56,44.065,22.04,66,98,4.94,SO,1684711408
391,vernal,40.4555,-109.5287,26.84,21,0,2.57,US,1684711408
392,loudun,47.0079,0.083,15.58,94,97,2.99,FR,1684711408
393,lyantonde,-0.4031,31.1572,17.45,82,20,0.75,UG,1684711408
394,brak,27.5496,14.2714,23.5,17,0,2.97,LY,1684711409
395,tanggu,39.0211,117.6469,18.98,38,2,1.28,CN,1684711409
396,piti village,13.4626,144.6933,29.61,79,0,6.17,GU,1684711409
397,sao jose de ribamar,-2.5619,-44.0542,28.21,84,64,3.25,BR,1684711409
398,northwood,40.4728,-83.7324,23.12,40,0,3.09,US,1684711409
399,kuta,-8.7233,115.1723,25.0,94,20,3.13,ID,1684711410
400,cusseta,32.3054,-84.7727,26.81,79,95,2.56,US,1684711410
401,kodinsk,58.6881,99.1844,10.5,90,98,2.61,RU,1684711411
402,lazaro cardenas,17.9583,-102.2,30.35,68,58,3.61,MX,1684711265
403,liski,50.9841,39.5155,13.42,87,100,2.26,RU,1684711411
404,vadso,70.0744,29.7487,10.09,71,100,5.14,NO,1684711412
405,saldanha,-33.0117,17.9442,10.03,74,100,3.06,ZA,1684711347
406,coquimbo,-29.9533,-71.3436,14.85,82,75,3.6,CL,1684711142
407,kirkuk,35.4681,44.3922,24.3,49,66,1.91,IQ,1684711412
408,simpang,-1.2667,104.0833,23.08,98,88,1.2,ID,1684711413
409,puerto lempira,15.2667,-83.7667,29.08,70,20,1.03,HN,1684711413
410,mhamid,29.82,-5.72,19.47,25,0,4.26,MA,1684711413
411,yantarnyy,54.8717,19.9381,11.53,81,87,3.66,RU,1684711413
412,lethem,3.3803,-59.7968,26.8,82,99,3.12,GY,1684711413
413,gemena,3.25,19.7667,22.04,98,89,0.81,CD,1684711414
414,miyaly,48.8844,53.7836,15.39,54,84,5.4,KZ,1684711414
415,priozersk,61.0393,30.1291,12.28,77,8,1.3,RU,1684711414
416,mangrol,21.1167,70.1167,27.51,80,0,4.9,IN,1684711415
417,ugoofaaru,5.6667,73.0,28.32,75,91,2.48,MV,1684711281
418,at taraf,25.3628,49.725,28.3,29,41,4.1,SA,1684711415
419,malvan,16.0667,73.4667,28.0,79,32,2.02,IN,1684711415
420,ploudalmezeau,48.5333,-4.65,11.82,93,0,2.57,FR,1684711415
421,nao me toque,-28.4592,-52.8208,13.9,94,100,2.13,BR,1684711416
422,kavieng,-2.5744,150.7967,27.5,78,100,6.21,PG,1684711395
423,pindobacu,-10.7417,-40.3608,23.39,69,93,3.02,BR,1684711416
424,apolinario saravia,-24.4328,-63.9954,17.43,89,19,2.53,AR,1684711416
425,auki,-8.7676,160.7034,29.0,71,96,0.96,SB,1684711417
426,diego de almagro,-26.3667,-70.05,17.05,39,100,1.4,CL,1684711417
427,keflavik,64.0049,-22.5624,5.24,65,75,10.29,IS,1684711417
428,iwanai,42.9744,140.5089,14.42,69,10,2.28,JP,1684711417
429,hotan,37.0997,79.9269,19.04,30,0,2.08,CN,1684711290
430,ilebo,-4.3167,20.5833,23.08,83,79,0.28,CD,1684711418
431,nizhneudinsk,54.9076,99.0276,10.65,45,59,0.9,RU,1684711418
432,klaksvik,62.2266,-6.589,8.51,86,92,11.07,FO,1684711418
433,petropavlovka,50.6114,105.3196,9.41,62,3,1.32,RU,1684711419
434,terbanggi besar,-4.8667,105.2333,23.49,93,89,1.66,ID,1684711419
435,craig,40.5153,-107.5464,24.97,15,0,0.0,US,1684711419
436,biloela,-24.4167,150.5,16.11,44,0,7.13,AU,1684711420
437,derbent,42.0678,48.2899,15.77,86,41,0.91,RU,1684711420
438,vilyuysk,63.7553,121.6247,0.39,45,7,4.49,RU,1684711364
439,tucuma,-0.1833,-50.05,25.03,94,63,2.33,BR,1684711420
440,zalingei,12.9096,23.4741,29.32,13,5,2.37,SD,1684711421
441,zaozersk,69.4005,32.4476,9.19,84,93,4.89,RU,1684711421
442,ypsilanti,42.2412,-83.613,24.23,35,0,3.6,US,1684711213
443,bubaque,11.2833,-15.8333,27.37,74,87,4.05,GW,1684711421
444,sabang,5.8933,95.3214,28.74,72,91,6.68,ID,1684711422
445,sechura,-5.5569,-80.8222,26.58,64,24,6.89,PE,1684711352
446,iwaki,37.05,140.8833,23.4,73,99,1.35,JP,1684711422
447,pingzhuang,42.0372,119.2889,16.89,33,14,4.21,CN,1684711422
448,pavlodar,52.3,76.95,8.89,61,0,2.0,KZ,1684711423
449,sarmiento,-45.5882,-69.07,7.63,41,20,13.07,AR,1684711423
450,ketchikan,55.3422,-131.6461,15.26,58,75,4.12,US,1684711423
451,herkimer,43.0256,-74.986,20.45,66,37,2.24,US,1684711423
452,imbituba,-28.24,-48.6703,18.63,87,92,5.31,BR,1684711137
453,belaya kholunitsa,58.84,50.8528,13.22,69,50,0.09,RU,1684711424
454,bahia de kino,28.8333,-111.9333,36.07,36,64,3.77,MX,1684711424
455,hastings,50.8552,0.5729,12.18,42,5,5.37,GB,1684711424
456,sao tome,0.3365,6.7273,25.84,79,98,3.46,ST,1684711424
457,coyhaique,-45.5752,-72.0662,2.34,93,20,2.06,CL,1684711424
458,port lincoln,-34.7333,135.8667,15.08,58,100,1.75,AU,1684711425
459,floro,61.5996,5.0328,9.04,93,9,0.0,NO,1684711425
460,port macquarie,-31.4333,152.9167,16.05,57,16,4.34,AU,1684711425
461,armacao de buzios,-22.7469,-41.8817,20.03,77,75,7.96,BR,1684711426
462,bargaal,11.2864,51.0773,27.86,84,64,4.35,SO,1684711426
463,mount pearl,47.5166,-52.7813,10.19,82,75,9.26,CA,1684711290
464,reggane,26.7158,0.1714,27.32,8,0,5.59,DZ,1684711427
465,arraial do cabo,-22.9661,-42.0278,22.83,79,66,9.43,BR,1684711427
466,cill airne,52.05,-9.5167,11.12,98,100,1.69,IE,1684711427
467,berdigestyakh,62.0989,126.6992,-0.75,57,98,5.61,RU,1684711427
468,cururupu,-1.8283,-44.8683,24.16,96,94,1.62,BR,1684711428
469,nishinoomote,30.7333,131.0,21.03,78,61,5.44,JP,1684711428
470,saint-pierre,-21.3393,55.4781,22.82,68,0,3.09,RE,1684711428
471,dul'durga,50.6761,113.5931,11.63,38,0,2.52,RU,1684711428
472,kibre mengist,5.8833,38.9833,13.34,95,99,0.31,ET,1684711429
473,shalkar,47.8288,59.6258,16.24,47,40,4.72,KZ,1684711429
474,kavaratti,10.5669,72.642,29.77,69,53,3.87,IN,1684711165
475,yokadouma,3.5167,15.05,21.57,98,89,0.81,CM,1684711429
476,salalah,17.0151,54.0924,29.05,79,20,2.06,OM,1684711429
477,pinotepa nacional,16.3167,-98.0167,31.99,50,100,3.53,MX,1684711430
478,mwinilunga,-11.7358,24.4293,16.23,52,26,1.71,ZM,1684711430
479,callao,-12.0667,-77.15,23.18,73,100,4.63,PE,1684711050
480,kaliganj,23.4095,89.1402,27.03,90,11,4.6,BD,1684711430
481,port augusta,-32.5,137.7667,13.55,68,4,1.81,AU,1684711161
482,altai,46.3722,96.2583,7.77,34,100,5.98,MN,1684711431
483,wotho,10.1657,166.0102,27.74,82,87,5.75,MH,1684711276
484,balikpapan,-1.2675,116.8289,24.55,100,75,4.63,ID,1684711373
485,parnu,58.3859,24.4971,7.05,87,78,1.03,EE,1684711255
486,qal'ah-ye shahr,35.5473,65.5676,16.21,39,99,2.11,AF,1684711432
487,kamina,-8.7386,24.9906,19.87,59,10,0.9,CD,1684711432
488,casale monferrato,45.1334,8.4571,15.75,89,8,2.56,IT,1684711432
489,sangkhla buri,15.1555,98.4536,22.89,99,59,0.46,TH,1684711432
490,palu,-0.8917,119.8707,25.57,91,94,1.19,ID,1684711432
491,tambopata,-12.7333,-69.1833,24.94,88,40,1.54,PE,1684711433
492,shanhaiguan,39.9988,119.7564,19.15,35,2,1.94,CN,1684711433
493,okhotsk,59.3833,143.3,2.81,84,100,7.43,RU,1684711433
494,darwin,-12.4611,130.8418,19.99,34,0,5.66,AU,1684711154
495,suva,-18.1416,178.4415,27.71,74,75,4.12,FJ,1684711433
496,humaita,-7.5061,-63.0208,27.83,72,42,0.82,BR,1684711434
497,ulundi,-28.3352,31.4162,13.92,74,63,3.61,ZA,1684711434
498,yanbu,24.0891,38.0637,24.02,83,0,1.03,SA,1684711434
499,paita,-5.0892,-81.1144,24.15,75,9,6.45,PE,1684711434
500,la peca,-5.6111,-78.435,25.03,70,51,1.95,PE,1684711435
501,port moresby,-9.4431,147.1797,24.6,86,100,5.47,PG,1684711435
502,bada,51.392,109.8717,9.43,57,0,1.61,RU,1684711373
503,zafarabad,25.7,82.7333,29.01,23,0,3.72,IN,1684711435
504,lubango,-14.9172,13.4925,15.14,54,2,1.34,AO,1684711435
505,grootfontein,-19.5667,18.1167,17.76,39,32,1.54,NA,1684711436
506,galliano,29.4422,-90.2992,29.0,65,0,1.54,US,1684711436
507,sao vicente,-23.9631,-46.3919,24.1,26,76,0.45,BR,1684711436
508,narrabri,-30.3167,149.7833,11.96,73,0,0.89,AU,1684711297
509,choma,-16.8065,26.9531,16.82,37,3,0.52,ZM,1684711436
510,chingirlau,51.095,54.0814,12.78,61,49,4.57,KZ,1684711437
511,barreiras,-12.1528,-44.99,21.05,45,0,1.43,BR,1684711437
512,gunjur,13.2019,-16.7339,25.04,73,0,2.57,GM,1684711437
513,angaur state,6.906,134.13,28.69,76,86,3.44,PW,1684711437
514,kone,-21.0595,164.8658,23.99,62,96,3.32,NC,1684711438
515,talakan,50.3167,130.3667,13.9,60,6,1.53,RU,1684711438
516,kaliningrad,54.7065,20.511,11.65,81,63,2.16,RU,1684711256
517,itoman,26.1247,127.6694,27.43,92,40,6.69,JP,1684711438
518,ad dabbah,18.05,30.95,30.06,10,11,3.39,SD,1684711439
519,isangel,-19.55,169.2667,26.06,89,100,3.09,VU,1684711439
520,tandil,-37.3217,-59.1332,15.38,89,100,4.47,AR,1684711439
521,rudbar,30.15,62.6,32.22,18,100,2.64,AF,1684711439
522,talghar,43.3044,77.2328,12.03,82,75,2.0,KZ,1684711439
523,murzuq,25.9155,13.9184,24.06,17,1,3.71,LY,1684711440
524,micheweni,-4.9667,39.8333,25.28,86,14,3.9,TZ,1684711440
525,gazojak,41.1875,61.4036,23.64,26,98,6.09,TM,1684711440
526,mamuju,-2.6748,118.8885,25.72,87,71,1.37,ID,1684711440
527,lepsy,46.235,78.9456,13.4,69,76,4.62,KZ,1684711440
528,thayetmyo,19.3167,95.1833,28.31,68,0,1.0,MM,1684711441
529,kenai,60.5544,-151.2583,12.05,47,0,6.69,US,1684711441
530,kramfors,62.9316,17.7765,5.88,72,2,0.87,SE,1684711441
531,ishigaki,24.3448,124.1572,27.07,94,75,5.66,JP,1684711441
532,namibe,-15.1961,12.1522,20.51,77,0,2.47,AO,1684711442
533,salekhard,66.53,66.6019,3.88,80,68,2.47,RU,1684711442
534,eldorado at santa fe,35.5264,-105.9347,18.51,72,100,2.57,US,1684711442
535,bintulu,3.1667,113.0333,26.23,100,40,2.57,MY,1684711442
536,fenoarivo be,-18.4333,46.5667,15.18,73,1,0.97,MG,1684711443
537,lotoshino,56.2267,35.6414,6.99,93,25,2.85,RU,1684711443
538,mariehamn,60.0973,19.9348,8.79,93,0,0.51,AX,1684711443
539,isabela,6.7085,121.9711,26.03,77,100,0.61,PH,1684711444
540,wickenburg,33.9686,-112.7296,36.21,15,3,3.87,US,1684711444
541,san ignacio de velasco,-16.3667,-60.95,24.88,69,100,1.73,BO,1684711444
542,fortuna,40.5982,-124.1573,16.48,83,100,8.23,US,1684711204
543,karratha,-20.7377,116.8463,16.5,39,22,6.72,AU,1684711377
544,la romana,18.4273,-68.9728,23.2,100,100,0.0,DO,1684711445
545,harper,4.375,-7.7169,26.6,82,65,2.2,LR,1684711445
546,muisne,0.6,-80.0333,25.92,81,78,3.45,EC,1684711446
547,san jose del guaviare,2.5729,-72.6459,24.88,92,70,0.56,CO,1684711446
548,dalnegorsk,44.5604,135.5701,9.93,87,97,1.55,RU,1684711446
549,simanggang,1.2472,111.4528,25.99,94,68,1.03,MY,1684711447
550,milford haven,51.7128,-5.0341,10.62,88,67,4.08,GB,1684711447
551,luau,-10.7073,22.2247,18.84,45,8,2.28,AO,1684711447
552,oliver,49.1831,-119.5524,17.95,77,85,2.57,CA,1684711447
553,rodnikovskaya,44.7644,40.6656,13.79,81,100,1.47,RU,1684711448
554,sannicandro garganico,41.8384,15.5654,15.0,86,100,0.6,IT,1684711448
555,konarka,19.9,86.1167,26.22,89,42,8.49,IN,1684711448
556,ocala,29.1872,-82.1401,29.4,74,75,4.63,US,1684711449
557,yalihuyuk,37.3008,32.0855,11.75,73,63,0.18,TR,1684711449
558,alappuzha,9.49,76.3264,27.38,81,100,1.02,IN,1684711450
559,pailon,-17.65,-62.75,25.82,82,41,3.99,BO,1684711450
560,san carlos del zulia,9.0,-71.9135,24.74,96,99,2.97,VE,1684711450
561,madera,37.1666,-119.8343,34.37,22,17,2.15,US,1684711451
562,slave lake,55.2834,-114.769,24.99,33,40,4.63,CA,1684711226
563,calama,-22.4667,-68.9333,16.27,12,0,5.66,CL,1684711447
564,choibalsan,48.0667,114.5,12.6,41,2,4.64,MN,1684711451
565,newman,37.3138,-121.0208,34.19,38,4,2.24,US,1684711318
566,tabou,4.423,-7.3528,26.47,82,60,1.87,CI,1684711452
567,el calafate,-50.3408,-72.2768,0.18,84,40,0.4,AR,1684711452
